year,alab_industry,alab_transportation,alab_electric.power.industry,alab_commercial,alab_residential,alab_agriculture,alab_gross.total,alabama_st,alab_evregist,alaska_industry,alaska_transportation,alaska_electric.power.industry,alaska_commercial,alaska_residential,alaska_rgriculture,alaska_gross.total,alaska_st,alaska_evrest,arizona_transportation,arizona_electric.power.industry,arizona_industry,arizona_agriculture,arizona_commercial,arizona_residential,arizona_gross.total,arizona_st,arizona_evregist,arkansas_electric.power.industry,arkansas_transportation,arkansas_agriculture,arkansas_industry,arkansas_commercial,arkansas_residential,arkansas_gross.total,arkansas_st,arkansas_evregist,california_transportation,california_industry,california_commercial,california_electric.power.industry,california_agriculture,california_residential,california_gross.total,california_st,califorrnia_evregist,virginia_ransportation,virginia_electric.power.industry,virginia_industry,virginia_commercial,virginia_residential,virginia_agriculture,virginia_gross.total,virginia_st,virginia_evregist,wshtn_transportation,wshtn_industry,wshtn_electric.power.industry,wshtn_agriculture,wshtn_commercial,wshtn_residential,wshtn_gross.total,washington_st,washington_evregist,westvirg_electric.power.industry,westvirg_industry,westvirg_transportation,westvirg_commercial,westvirg_residential,westvirg_agriculture,westvirg_gross.total,west_virginia_st,west_virg_evregist,wiscons_lectric.power.industry,wiscons_transportation,wiscons_agriculture,wiscons_industry,wiscons_residential,wiscons_commercial,wiscons_gross.total,wisconsin_st,wisconsin_evregist,wyoming_electric.power.industry,wyoming_industry,wyoming_agriculture,wyoming_transportation,wyoming_commercial,wyoming_residential,wyoming_gross.total,wyoming_st,wyoming_evregist
1991,20.88622802,8.60659113,2.79027202,2.6784093,1.6042574,0.03313515,36.59889303,NA,NA,20.88622802,8.60659113,2.79027202,2.6784093,1.6042574,0.03313515,36.59889303,NA,NA,23.656247,33.688803,7.304266,7.807517,6.089685,1.916961,80.463478,NA,Na,22.137075,17.137568,17.010595,18.922015,3.100687,2.574562,80.882502,NA,NA,182.06276,97.43618,57.41936,43.00657,32.74066,30.3441,443.00963,NA,NA,40.155091,24.569896,49.645972,8.917586,6.572744,6.510355,136.371645,NA,NA,34.834589,27.730338,8.684986,8.703562,6.640494,3.672249,90.266218,NA,Na,72.149903,73.307428,10.231029,2.916373,2.460733,1.642182,162.707648,NA,NA,34.32353,25.178962,21.459335,17.955267,9.620688,9.348289,117.886071,NA,Na,40.4971849,24.3111965,7.7057505,5.2845138,1.1034871,0.8450583,79.7471911,NA,Na
1992,22.98751453,7.47012579,2.64966632,2.76095521,1.63699685,0.03191627,37.53717496,NA,NA,22.98751453,7.47012579,2.64966632,2.76095521,1.63699685,0.03191627,37.53717496,NA,NA,23.715438,33.944962,7.536854,6.839967,6.187952,1.992572,80.217745,NA,Na,22.150022,17.035651,18.289172,17.6753,3.381238,2.63733,81.168713,NA,NA,171.00391,99.66678,57.51488,40.59791,30.83575,30.25888,429.87811,NA,NA,38.539477,26.54518,48.295528,9.065819,6.515918,6.595995,135.557918,NA,NA,33.834405,27.122057,9.024869,8.289926,6.683511,4.004677,88.959445,NA,Na,67.069767,70.944098,9.974116,3.035796,2.391551,1.611361,155.02669,NA,NA,35.477892,25.322959,21.137048,18.256049,10.392671,9.939734,120.526353,NA,Na,39.5478283,24.2327861,7.5324828,5.1610163,1.2025289,0.9006268,78.5772692,NA,Na
1993,24.32301428,7.20795124,2.47735393,2.9851238,1.74534264,0.03239573,38.77118163,NA,NA,24.32301428,7.20795124,2.47735393,2.9851238,1.74534264,0.03239573,38.77118163,NA,NA,24.584556,36.61097,7.385831,7.682017,5.91009,1.861433,84.034897,NA,Na,22.52007,17.428761,16.721252,18.981743,3.505273,2.516668,81.673767,NA,NA,182.35586,97.43878,54.3542,48.1092,31.33196,28.22166,441.81167,NA,NA,39.934072,28.390137,45.944711,9.288014,6.986051,6.825068,137.368054,NA,NA,37.849644,28.799941,11.176166,8.513946,6.289995,3.623768,96.253459,NA,Na,68.958751,71.093771,11.055901,3.008105,2.515304,1.673261,158.305095,NA,NA,34.61172,26.49691,20.23712,17.90803,10.02639,10.00777,119.28793,NA,Na,43.293452,26.3498464,7.760474,5.4836551,0.9874603,0.7841595,84.6590473,NA,Na
1994,23.9092684,8.211201,2.4967681,2.9577422,1.6965263,0.0393355,39.3108416,NA,NA,23.9092684,8.211201,2.4967681,2.9577422,1.6965263,0.0393355,39.3108416,NA,NA,26.035354,37.749593,7.602269,7.185238,5.971912,1.810171,86.354537,NA,Na,20.127385,17.97375,18.058787,19.253096,3.345054,2.905182,81.663252,NA,NA,178.22845,93.49717,48.64081,44.49055,32.28596,29.5301,426.67303,NA,NA,40.883223,32.913935,39.297181,10.295429,7.129065,6.757819,137.276652,NA,NA,36.432077,27.366866,11.338675,9.136048,6.443207,4.275005,94.991877,NA,Na,68.769064,63.89146,11.312881,2.856844,2.577345,1.693267,151.10086,NA,NA,35.36661,27.27269,20.36894,18.73282,10.56871,9.99872,122.30849,NA,Na,41.1823302,24.5025157,8.4339984,5.8965153,1.1891969,0.8960819,82.1006386,NA,Na
1995,23.7187653,7.8842357,2.5119277,2.9584784,1.7211837,0.0423849,38.8369757,NA,NA,23.7187653,7.8842357,2.5119277,2.9584784,1.7211837,0.0423849,38.8369757,NA,NA,27.134352,39.184868,8.130999,7.214911,5.983046,1.896413,89.544589,NA,Na,22.344649,19.070767,17.864077,20.133555,3.578981,2.702121,85.694151,NA,NA,184.96541,92.52174,47.69197,51.8217,33.046,30.13891,440.18572,NA,NA,42.101868,30.815773,37.38477,10.56528,7.000769,6.761863,134.630323,NA,NA,37.994472,28.274264,12.952638,8.88123,6.690012,4.302215,99.094832,NA,Na,75.048225,64.000033,11.962804,2.965423,2.569487,1.674958,158.220929,NA,NA,37.093993,28.846248,19.874561,19.239228,10.119464,9.855668,125.029162,NA,Na,43.2202299,25.6535489,8.7269816,5.7993349,1.2229731,0.8382881,85.4613564,NA,Na
1996,27.60437007,8.85350016,2.59370509,2.89739538,1.75563264,0.04431504,43.74891837,NA,NA,27.60437007,8.85350016,2.59370509,2.89739538,1.75563264,0.04431504,43.74891837,NA,NA,27.760275,33.363037,8.621538,7.421209,6.00242,1.907901,85.076381,NA,Na,24.249561,19.57472,18.154018,20.829164,3.63144,2.847615,89.286518,NA,NA,188.28629,93.10153,47.27925,39.4692,33.71251,28.35962,430.20841,NA,NA,43.036858,32.20203,34.446899,10.75456,7.244648,6.817136,134.50213,NA,NA,39.487604,28.180208,9.325814,8.769345,6.90104,4.343887,97.007898,NA,Na,74.729772,62.55449,12.141563,2.943632,2.523347,1.655272,156.548075,NA,NA,38.88072,29.5595,19.63273,19.83454,10.41234,10.2375,128.55733,NA,Na,40.6381012,25.9033709,8.8900233,6.1959887,1.1482351,0.8842944,83.6600136,NA,Na
1997,28.0870094,9.1780102,2.7168835,3.1808307,1.7713622,0.0447937,44.9788897,NA,NA,28.0870094,9.1780102,2.7168835,3.1808307,1.7713622,0.0447937,44.9788897,NA,NA,29.599737,33.32462,8.892025,7.413112,5.900419,1.896121,87.026034,NA,Na,26.467608,20.015074,18.091907,20.713748,3.84811,3.010759,92.147206,NA,NA,193.88044,94.38287,43.20023,35.15889,34.57818,28.68782,429.88843,NA,NA,44.117484,35.023837,34.722146,11.523799,8.25024,6.924665,140.562171,NA,NA,39.799376,29.715809,11.683877,8.328242,6.919491,5.012414,101.459208,NA,Na,79.911735,64.441772,11.227768,3.168824,2.754729,1.685468,163.190298,NA,NA,40.70027,30.41229,19.21794,19.68497,11.69075,11.33522,133.04145,NA,Na,41.4206155,26.1004521,8.7681563,6.6079712,1.5192683,0.9804336,85.3968971,NA,Na
1998,26.22354839,9.71664765,2.92071695,2.94481186,1.67242133,0.04990763,43.5280538,NA,NA,26.22354839,9.71664765,2.92071695,2.94481186,1.67242133,0.04990763,43.5280538,NA,NA,31.384129,36.065421,8.866564,7.632747,6.13366,2.109906,92.192425,NA,Na,24.782821,20.679443,17.858716,21.073629,3.609102,2.780971,90.784682,NA,NA,192.22481,98.2806,40.77952,37.60332,35.85538,28.38099,433.12462,NA,NA,45.638819,36.36334,33.588888,12.064035,7.890783,6.511531,142.057396,NA,NA,38.435008,28.220028,9.831168,8.129105,6.973032,5.1152,96.703541,NA,Na,83.94987,61.643282,12.525299,2.975629,2.733231,1.541971,165.369281,NA,NA,43.86129,30.71419,18.84516,20.15961,10.55132,11.39394,135.5255,NA,Na,41.054123,26.981009,9.740044,6.769779,1.129044,0.838098,86.512097,NA,Na
1999,26.76001771,10.28972484,3.10622128,2.9553724,1.60192593,0.04491475,44.75817691,NA,NA,26.76001771,10.28972484,3.10622128,2.9553724,1.60192593,0.04491475,44.75817691,NA,NA,32.241177,38.53805,8.929229,7.843598,6.0649,2.43377,96.050725,NA,Na,26.420172,21.01748,19.145909,21.090364,3.412322,2.475856,93.562103,NA,NA,195.07131,98.70011,41.46851,41.0091,35.38318,33.90694,445.53914,NA,NA,47.021374,38.636474,32.297143,11.879157,7.188288,6.508962,143.531397,NA,NA,37.613167,33.061455,12.679434,8.587727,6.493624,4.990883,103.42629,NA,Na,84.932123,63.674396,12.711237,3.009224,2.340609,1.534939,168.202528,NA,NA,43.117434,32.522714,19.486485,19.372727,9.095169,10.808514,134.403043,NA,Na,45.5639235,28.6500692,9.4970231,7.0974132,1.1043902,0.8050689,92.7178881,NA,Na
2000,25.2278417,11.31025536,3.20760268,3.13237911,1.87392097,0.04548478,44.7974846,NA,NA,25.2278417,11.31025536,3.20760268,3.13237911,1.87392097,0.04548478,44.7974846,NA,NA,34.168232,40.870782,8.753077,7.913268,6.419046,2.359764,100.48417,NA,Na,27.550265,22.173721,18.316589,20.53836,3.445813,2.80416,94.828909,NA,NA,200.89353,95.04323,37.71376,45.03771,36.63777,33.66738,448.99338,NA,NA,48.847635,39.687222,31.807682,11.103286,7.28403,7.134673,145.864528,NA,NA,40.362047,33.39373,11.421614,8.287112,6.780873,5.55668,105.802056,NA,Na,87.673599,64.128732,12.784128,3.100644,2.489627,1.577753,171.754483,NA,NA,43.86191,33.0782,20.79387,19.48808,10.17641,10.48171,137.88019,NA,Na,43.802184,29.1213841,8.4786763,8.2892475,1.0688051,0.7903196,91.5506166,NA,Na
2001,25.31303823,11.95107137,3.33183396,3.0800307,1.70274261,0.04091185,45.41962872,NA,NA,25.31303823,11.95107137,3.33183396,3.0800307,1.70274261,0.04091185,45.41962872,NA,NA,34.721449,45.814671,8.668051,7.304604,6.531081,2.429306,105.469162,NA,Na,27.16362,22.365905,19.01066,20.909539,3.585822,3.067292,96.102838,NA,NA,210.6899,96.4877,37.64238,54.75981,38.27861,29.40686,467.26526,NA,NA,50.616777,44.570928,30.440928,11.671657,8.329848,6.685474,152.315612,NA,NA,41.470486,27.485786,14.965655,8.451886,6.786304,5.511445,104.671563,NA,Na,86.299807,40.907066,12.987483,3.227311,2.488254,1.549227,147.459148,NA,NA,45.59946,32.35065,20.37964,19.98633,10.44167,10.36374,139.12148,NA,Na,45.182972,32.4305759,8.2105336,7.3906976,1.177709,0.8556423,95.2481303,NA,Na
2002,25.12623661,11.52954842,3.40848642,2.94656004,1.82239333,0.04674411,44.87996893,NA,NA,25.12623661,11.52954842,3.40848642,2.94656004,1.82239333,0.04674411,44.87996893,NA,NA,35.666768,47.029036,8.454131,7.645776,6.260397,2.436135,107.492243,NA,Na,27.733448,20.897922,18.199979,20.600736,3.590246,2.790712,93.813044,NA,NA,206.87414,94.78447,37.12824,59.62809,39.16528,30.31731,467.89752,NA,NA,50.489855,44.182808,28.985037,11.096541,7.683754,6.787832,149.225827,NA,NA,39.810229,18.024298,14.90467,8.840901,7.092199,6.401229,95.073525,NA,Na,76.620062,42.932404,12.795044,2.956354,2.504562,1.522966,139.331392,NA,NA,45.25007,32.30414,20.70281,19.00571,10.00459,10.16291,137.43022,NA,Na,45.1735311,34.4613556,8.4298515,7.7758162,1.1903423,0.8235192,97.8544159,NA,Na
2003,25.85569811,11.69049878,3.43260387,2.43407615,1.61352363,0.05077121,45.07717175,NA,NA,25.85569811,11.69049878,3.43260387,2.43407615,1.61352363,0.05077121,45.07717175,NA,NA,36.919194,46.112065,7.959127,7.494985,6.273013,2.401024,107.159408,NA,Na,26.329966,20.754358,18.432941,20.331363,3.591439,2.746499,92.186564,NA,NA,216.79793,96.90314,36.37709,45.81213,40.3572,30.25281,466.5003,NA,NA,50.494664,43.554867,28.033512,10.80499,7.384958,6.618861,146.891852,NA,NA,38.968439,17.910421,12.348975,8.347561,6.668092,5.883167,90.126656,NA,Na,88.960934,41.304416,12.764476,2.651744,2.283828,1.591359,149.556757,NA,NA,45.00621,32.70724,21.00766,19.30405,10.6733,10.39485,139.09331,NA,Na,43.716621,34.8231413,8.3186914,7.5763188,1.1363726,0.9360414,96.5071865,NA,Na
2004,25.8139481,11.94728316,3.1172341,2.2975846,1.66681681,0.05414486,44.89701163,NA,NA,25.8139481,11.94728316,3.1172341,2.2975846,1.66681681,0.05414486,44.89701163,NA,NA,37.75479,47.304565,7.954137,7.778161,6.311798,2.355322,109.458771,NA,Na,27.129188,21.209917,18.828952,19.912089,3.679674,2.602142,93.361962,NA,NA,212.54262,96.32146,36.97798,44.70523,40.0679,29.82856,460.44375,NA,NA,52.825222,43.027494,29.829251,12.133278,8.433486,7.010867,153.259599,NA,NA,38.679137,16.823695,14.947715,8.546379,6.583731,5.328231,90.908889,NA,Na,88.176036,38.002313,12.000505,2.820964,2.36987,1.524558,144.894246,NA,NA,44.91918,32.72641,19.43855,19.29732,10.82256,10.75535,137.95935,NA,Na,44.9185802,35.2118355,7.9263114,7.5059237,1.100855,0.8613153,97.5248209,NA,Na
2005,24.909487,14.660241,3.308981,2.590792,1.825456,0.058955,47.353912,NA,NA,24.909487,14.660241,3.308981,2.590792,1.825456,0.058955,47.353912,NA,NA,38.104484,52.993144,8.690643,7.977207,6.569822,2.454481,116.789782,NA,Na,28.032999,20.792096,20.060191,19.225013,3.597699,2.359503,94.067502,NA,NA,218.75382,101.26741,36.77629,48.4764,40.79264,30.8445,476.91107,NA,NA,55.593419,42.554399,30.000559,11.850169,8.575452,6.566434,155.140431,NA,NA,39.518828,17.356343,14.856472,8.712076,6.783669,5.289514,92.516901,NA,Na,84.236363,40.287936,12.32868,2.740864,2.351918,1.543556,143.489317,NA,NA,46.12899,33.21651,19.40311,19.85062,10.39892,10.45548,139.45362,NA,Na,45.4568798,36.5728725,8.2400753,7.8289947,1.1377625,0.8586754,100.0952603,NA,Na
2006,26.16349404,14.94179468,3.37741885,2.53418621,1.74426943,0.06142158,48.82258478,NA,NA,26.16349404,14.94179468,3.37741885,2.53418621,1.74426943,0.06142158,48.82258478,NA,NA,39.488285,52.096338,8.989786,8.05616,6.702823,2.351414,117.684806,NA,Na,26.130535,21.156618,21.585913,15.806046,3.706426,2.283891,90.669429,NA,NA,220.48956,97.99735,36.88595,43.97282,40.45776,29.41382,469.21725,NA,NA,55.39948,43.401737,29.495786,11.650763,8.57154,6.528833,155.048139,NA,NA,39.551905,18.51783,14.882385,8.393652,6.860652,5.263898,93.470321,NA,Na,87.432714,39.568596,12.218138,2.751878,2.256785,1.720044,145.948154,NA,NA,50.16552,32.54845,19.43463,19.32004,10.24759,11.01246,142.72869,NA,Na,44.659982,37.311436,8.06364,7.955343,1.144863,0.847054,99.982317,NA,Na
2007,22.58807619,14.82109626,3.62082843,2.88819115,2.17121599,0.06493004,46.15433806,0,NA,22.58807619,14.82109626,3.62082843,2.88819115,2.17121599,0.06493004,46.15433806,0,NA,40.086439,53.9723,9.51765,8.283821,6.602617,2.389136,120.851963,12,Na,28.223413,21.325451,21.029253,16.659229,3.603537,2.205458,93.04634,0,NA,219.98134,97.18372,37.03548,48.50135,41.91994,29.7259,474.34773,367,NA,55.011702,39.243569,29.564854,11.023738,7.278895,6.506424,148.629183,0,NA,39.883688,18.671834,10.311635,9.24232,7.026201,5.36387,90.49955,0,Na,87.714985,40.344953,12.14493,2.611637,2.135178,1.660399,146.612081,0,NA,44.331083,32.4107,20.258375,19.194889,9.312365,10.18932,135.696733,0,Na,44.2788898,40.1478598,8.2596131,8.1174424,1.2244035,0.8351467,102.8633553,0,Na
2008,22.49979387,13.99289374,3.40371573,2.68127022,1.85320459,0.05881933,44.48969749,0,NA,22.49979387,13.99289374,3.40371573,2.68127022,1.85320459,0.05881933,44.48969749,0,NA,39.546113,56.434472,9.301397,8.273073,6.692168,2.538616,122.785838,5,Na,29.415658,21.611496,20.445963,16.704443,3.626393,2.240475,94.044429,0,NA,221.37285,96.36419,37.77336,51.9858,41.15927,30.03538,478.69085,376,NA,56.072125,43.871007,28.783318,11.150396,7.641008,6.164558,153.682412,1,NA,41.111317,19.318703,12.644983,9.441857,7.165808,5.529586,95.212253,2,Na,89.065067,40.684477,12.107027,2.598513,2.037522,1.725978,148.218584,0,NA,45.102496,32.545396,20.602732,19.346649,9.822141,10.401053,137.820467,0,Na,44.7616028,41.9167949,8.8228922,8.5701877,1.3685649,0.9683327,106.4083753,0,Na
2009,20.41486435,12.38455984,3.38527279,2.76201292,1.73125888,0.05269537,40.73066414,0,NA,20.41486435,12.38455984,3.38527279,2.76201292,1.73125888,0.05269537,40.73066414,0,NA,36.780612,58.900123,9.194995,8.842044,6.855919,2.725382,123.299076,5,Na,29.831604,20.354557,19.339346,17.565681,4.159978,2.510617,93.761783,0,NA,205.01928,91.79203,38.46805,52.78753,42.71306,30.41074,461.1907,411,NA,52.121737,38.426572,27.165896,11.074417,7.122794,6.481186,142.392602,3,NA,37.838551,18.936063,13.503365,9.167526,7.597796,5.881883,92.925184,3,Na,86.608773,45.501536,11.165758,2.642942,2.074769,1.523415,149.517194,0,NA,45.63999,31.58573,20.09356,18.16631,10.51153,11.21879,137.21591,0,Na,45.24397,42.966831,8.420933,8.583973,1.345082,1.001151,107.56194,0,Na
2010,20.78568555,11.10721608,3.28167335,2.62937116,1.77134757,0.05281662,39.62811033,0,NA,20.78568555,11.10721608,3.28167335,2.62937116,1.77134757,0.05281662,39.62811033,0,NA,33.980579,53.666239,7.743335,8.40448,6.74254,2.46686,113.004033,8,Na,29.669411,19.87911,19.456484,16.745877,4.422617,2.423717,92.597217,1,NA,196.26574,86.12563,38.30513,49.85119,40.19173,30.20447,440.94388,428,NA,50.253171,33.018949,22.232858,10.977868,7.302174,5.956487,129.741508,3,NA,36.912235,17.381486,13.333789,9.939826,7.57269,6.038479,91.178505,15,Na,67.649068,42.642892,11.743507,2.667464,2.061432,1.566691,128.331055,0,NA,40.717647,30.273799,20.329886,16.081014,9.686189,10.449242,127.537778,5,Na,43.119588,40.798187,8.58937,7.986153,1.287205,0.985992,102.766494,0,Na
2011,19.90084827,10.48672131,3.18244532,3.52204537,1.72517235,0.06636606,38.88359868,4,NA,19.90084827,10.48672131,3.18244532,3.52204537,1.72517235,0.06636606,38.88359868,0,NA,36.362622,55.683345,9.009825,8.457334,5.659643,2.662878,117.835646,43,Na,33.238415,20.154134,21.176894,17.488803,5.406476,2.56261,100.027333,11,NA,188.21778,86.2337,36.03149,45.43256,41.15289,31.16926,428.23768,1392,NA,52.297039,35.93551,21.91113,10.706159,7.658339,6.118303,134.62648,90,NA,35.098104,16.461767,13.782983,9.447038,6.894727,5.614361,87.298979,438,Na,76.286072,42.126338,11.999693,3.330181,2.156922,1.45852,137.357726,6,NA,43.848352,31.101554,21.338796,15.904617,9.097852,8.493142,129.784313,60,Na,44.0531835,40.7132444,8.3725402,8.2571904,1.3820945,0.9688673,103.7471202,0,Na
2012,19.9579947,9.01532565,3.30214621,3.80993264,1.79710903,0.06690266,37.94941089,48,NA,19.9579947,9.01532565,3.30214621,3.80993264,1.79710903,0.06690266,37.94941089,4,NA,35.788688,53.566858,8.384545,8.088104,5.669088,2.787663,114.284946,527,Na,35.103352,19.587969,19.329377,18.22781,5.274272,2.394508,99.917288,36,NA,183.0485,86.06117,36.82961,38.02297,41.19416,32.16269,417.3191,3573,NA,49.416644,30.020355,21.028861,10.389466,6.998937,6.336366,124.190629,300,NA,34.849729,16.26639,8.08984,9.435784,6.792778,6.164175,81.598696,1068,Na,74.085604,39.243121,11.558091,3.150962,2.024512,1.502361,131.564651,37,NA,43.020994,29.885847,20.882953,16.184491,9.423779,8.725372,128.123436,185,Na,42.27544,41.913802,8.806759,7.577798,1.668075,1.009726,103.2516,0,Na
2013,19.58610664,8.56952851,3.25497383,3.65555274,1.77041647,0.07008795,36.90666614,50,NA,19.58610664,8.56952851,3.25497383,3.65555274,1.77041647,0.07008795,36.90666614,0,NA,35.103898,52.536984,8.198226,8.368628,5.865398,2.514168,112.587302,710,Na,35.428619,19.602848,19.034257,17.1459,5.19998,1.904186,98.31579,38,NA,180.19748,86.77089,37.4216,49.65612,41.17378,30.01825,425.23812,5176,NA,50.210359,26.623654,20.089958,10.12841,5.977748,6.213651,119.24378,370,NA,34.740413,16.670902,6.859063,8.860751,6.581046,5.614892,79.327067,1325,Na,68.865365,37.6926,12.07082,2.993758,1.791499,1.444152,124.858193,42,NA,38.106975,29.910854,21.057451,15.590977,8.108787,8.003919,120.778963,211,Na,44.6055133,38.9671977,8.2701057,8.0694339,1.4431969,0.8536088,102.2090564,2,Na
2014,19.63343094,7.71281278,2.77827471,3.65619833,1.59089537,0.06617819,35.43779032,94,NA,19.63343094,7.71281278,2.77827471,3.65619833,1.59089537,0.06617819,35.43779032,304,NA,34.380704,56.025692,8.260935,8.382067,5.963255,2.895672,115.908325,768,Na,36.49935,19.084383,17.302316,16.869607,5.419325,2.519063,97.694044,59,NA,179.10475,92.13739,37.19085,47.506,40.91293,30.76227,427.6142,6960,NA,49.443048,32.542314,21.028698,10.561611,7.172372,6.346449,127.094493,631,NA,35.678623,16.611803,12.342995,9.036475,6.831858,5.913105,86.414859,1518,Na,70.781528,39.443563,11.529657,3.06943,2.184705,1.515319,128.524202,101,NA,44.563419,28.998726,21.783124,16.801599,10.359765,9.172747,131.679381,304,Na,47.532704,37.349158,9.168066,7.95622,1.621879,1.001075,104.629103,17,Na
2015,19.21793017,8.46602902,3.05994235,3.49534643,1.51755946,0.06076193,35.81756936,211,NA,19.21793017,8.46602902,3.05994235,3.49534643,1.51755946,0.06076193,35.81756936,3,NA,35.645672,54.365125,8.097575,8.359179,6.108591,2.57619,115.152331,854,Na,36.47399,19.795439,18.273832,17.394753,5.690324,2.690365,100.318703,65,NA,181.38356,88.78652,36.38484,48.00169,42.16736,26.28422,423.00819,10252,NA,51.206716,31.92387,18.91256,10.938734,7.754448,6.149797,126.886125,766,NA,35.232764,16.366575,12.348295,9.965422,6.727378,5.781312,86.421747,1576,Na,75.627411,42.893594,11.709316,3.022802,2.250155,1.448609,136.951888,68,NA,40.878679,31.531978,22.828527,16.816917,11.040035,9.518274,132.61441,376,Na,44.4698851,35.6717231,9.6409349,7.9252601,1.458136,0.9919752,100.1579145,32,Na
2016,18.93716899,8.01982189,3.09991102,3.70238754,1.63987638,0.04513162,35.44429744,227,500,18.93716899,8.01982189,3.09991102,3.70238754,1.63987638,0.04513162,35.44429744,5,200,36.313901,50.826036,8.42639,8.527555,6.834023,2.743467,113.671371,988,"4,700",27.791003,19.171218,18.550195,16.013469,5.728249,2.352957,89.607091,89,200,182.9115,90.7099,40.47237,45.96322,41.48647,26.91511,428.45857,13655,141500,50.778711,33.377922,18.605252,11.600163,7.249575,6.22398,127.835604,991,3100,35.849395,17.089519,11.464171,9.180679,7.366609,5.471377,86.421751,1791,14900,68.10014,42.011812,12.317989,3.027842,2.000337,1.413195,128.871315,96,100,42.742468,30.304141,22.93787,16.256322,9.597753,9.105069,130.943623,445,2600,44.6236638,33.8084003,8.957921,7.5288277,1.5172558,0.8851779,97.3212463,363,100
2017,18.56330967,7.69424663,2.89157947,3.19338629,1.53896505,0.04579073,33.92727786,319,800,18.56330967,7.69424663,2.89157947,3.19338629,1.53896505,0.04579073,33.92727786,11,400,37.238787,45.304506,8.146886,8.311318,6.969409,2.833062,108.803969,1041,7200,31.043913,19.897537,19.372934,14.604147,5.433049,1.973858,92.325438,112,300,190.65061,89.85153,38.68524,38.20033,40.29701,27.74907,425.43379,16111,189700,52.300918,35.121056,18.52705,12.217533,6.476121,5.976483,130.61916,1094,5100,37.94234,16.583397,10.156809,8.823708,7.544332,5.91641,86.966997,2136,21000,71.034734,39.007061,11.054849,2.957401,1.843005,1.471492,127.368542,199,100,39.643113,30.416396,23.107482,15.633861,9.367155,8.919648,127.087655,489,2800,41.506834,31.322225,8.459945,7.312081,1.492832,0.93872,91.032638,91,100
2018,18.52863639,7.93027368,2.91515346,3.27748565,1.65209443,0.04734646,34.35099007,395,1300,18.52863639,7.93027368,2.91515346,3.27748565,1.65209443,0.04734646,34.35099007,11,500,37.494833,44.537176,8.52993,8.244777,6.642204,2.741831,108.190751,1227,12600,32.649669,20.019959,16.576391,16.078436,5.458461,1.885565,92.668481,124,600,194.75415,88.65372,39.57691,34.42991,39.58801,28.8592,425.8619,21166,273500,52.621682,29.581705,19.405412,11.67686,6.336992,5.884613,125.507265,1446,9900,38.303044,15.70428,10.994794,8.941122,7.986934,6.954697,88.884872,2573,30200,67.398658,42.347817,12.014718,2.885925,1.723417,1.42676,127.797295,212,200,41.971807,30.070084,22.770975,16.154427,9.611482,9.102751,129.681527,557,3700,41.664547,31.740509,9.265242,7.173024,1.376501,1.023639,92.243461,121,2000
2019,19.06141416,7.42460191,2.80124163,2.68354498,1.52807492,0.05331911,33.55219672,506,2000,19.06141416,7.42460191,2.80124163,2.68354498,1.52807492,0.05331911,33.55219672,34,700,38.490841,47.512362,9.04882,8.420355,6.513028,2.980438,112.965843,1476,19500,37.595079,20.207292,19.406792,15.435613,5.816355,2.487282,100.948413,290,900,195.94972,89.19905,38.99826,34.94004,38.91458,28.79192,426.79358,27199,349700,53.05189,31.857594,19.298338,11.851071,7.464244,6.222895,129.746031,2056,15000,39.096823,15.946477,10.680256,9.556198,8.13913,6.563232,89.982115,3206,40400,62.43781,42.050587,13.695926,3.083483,2.037481,1.516705,124.821993,244,400,40.614281,32.089581,23.742979,16.86675,10.725026,9.459523,133.498141,711,4700,41.466156,33.437614,8.912495,7.526353,1.311056,1.047749,93.701425,159,200
2020,18.84233216,7.74570992,2.83703306,2.7036149,1.52672343,0.05675112,33.71216458,598,2900,18.84233216,7.74570992,2.83703306,2.7036149,1.52672343,0.05675112,33.71216458,68,900,39.26369,44.14372,9.174494,8.324184,6.963625,3.470233,111.339947,1788,28800,31.745144,20.264227,17.067087,14.75032,5.947775,2.451829,92.226383,350,1300,197.4284,88.96867,40.63003,32.44655,38.1179,31.56572,429.15727,34924,425300,52.758196,28.147874,19.413753,11.902981,7.063081,5.682648,124.968533,2531,20500,39.98942,15.878689,14.459175,9.857463,8.472881,7.194061,95.851688,3817,50500,58.969409,39.309193,13.73678,3.07755,1.946305,1.414159,118.453396,258,600,33.900178,31.278319,22.750998,16.451631,11.697342,9.550053,125.628521,828,6300,37.15698,31.235546,9.41076,7.425477,1.336114,1.128871,87.693749,172,300
2021,20.10951853,8.08383037,2.85754365,2.7357582,1.71938736,0.06297288,35.56901099,682,4700,20.10951853,8.08383037,2.85754365,2.7357582,1.71938736,0.06297288,35.56901099,94,1300,35.652522,36.108966,9.297105,7.568693,6.29684,3.438496,98.362622,2259,40700,23.007215,19.123503,17.631914,13.280506,5.765739,2.279044,81.087921,463,2400,154.46276,81.81937,39.18077,35.09584,38.10946,31.37401,380.0422,41237,563100,46.90344,30.099544,18.821673,11.671264,6.767312,5.729586,119.992819,3302,30700,31.308555,14.533937,11.520079,9.812417,8.250855,6.891158,82.317002,4325,66800,51.601299,39.424015,11.646387,2.886287,1.917292,1.426497,108.901777,306,1000,32.154399,28.276121,22.178314,15.378741,10.593033,8.982628,117.563236,961,9300,35.966031,31.332271,8.45833,6.994401,1.238501,1.026588,85.016121,184,500
2022,21.43587105,9.65548127,2.91577431,2.92052588,1.77640948,0.06245724,38.76651924,851,8700,21.43587105,9.65548127,2.91577431,2.92052588,1.77640948,0.06245724,38.76651924,113,2000,39.976386,34.833296,9.010318,7.796228,6.536662,3.556843,101.709732,2661,65800,29.061104,20.3923,17.707027,12.85981,6.102473,2.533745,88.65646,590,5100,174.48136,81.1776,39.37205,36.71795,36.96527,31.8782,400.59243,43589,903600,50.644732,25.561573,18.999408,11.759822,7.36114,5.515334,119.842009,3643,56600,38.051904,13.696535,10.372634,9.521795,8.412687,7.251718,87.307273,4533,104100,60.373213,38.17959,13.822764,2.903347,1.962127,1.381329,118.62237,385,1900,35.69792,30.49327,22.49004,14.97736,10.49309,9.46171,123.61338,1101,15700,34.775511,31.03195,8.722727,7.300549,1.278422,1.046181,84.15534,214,800
2023,24.00104479,9.02094911,2.97753773,2.8518116,1.70080952,0.06434601,40.61649876,NA,13000,24.00104479,9.02094911,2.97753773,2.8518116,1.70080952,0.06434601,40.61649876,NA,2700,39.348588,33.209787,9.456066,7.648863,6.821036,3.783947,100.268287,NA,89800,30.942852,19.993753,17.63267,12.90125,6.021158,2.483728,89.975412,NA,7100,173.15686,81.15316,40.11216,36.79185,36.56334,31.35269,399.13006,NA,1256600,48.97191,23.925174,18.316402,12.035521,7.708709,5.513005,116.470721,NA,84900,38.190442,13.924487,10.011773,9.316974,8.826692,7.603865,87.874234,NA,152100,52.779778,42.237991,13.372721,2.985569,2.077266,1.358562,114.811887,NA,2800,31.79404,30.66106,22.32555,15.22051,11.62547,10.40588,122.03252,NA,24900,36.24421,29.372283,8.557221,6.920055,1.446745,1.100727,83.641243,NA,1100